{
  "system_info": {
    "platform": "Windows-10-10.0.22631-SP0",
    "processor": "Intel64 Family 6 Model 140 Stepping 1, GenuineIntel",
    "architecture": "64bit",
    "cpu_count": 4,
    "logical_cpu_count": 8,
    "total_memory": 16969424896,
    "available_memory": 7668506624,
    "gpus": [
      {
        "name": "Intel(R) Iris(R) Xe Graphics",
        "driver_version": "30.0.100.9864",
        "video_memory": 1073741824,
        "video_processor": "Intel(R) Iris(R) Xe Graphics Family",
        "is_integrated": true
      }
    ]
  },
  "test_results": {
    "cpu_single_thread": {
      "primes_calculated": 15000,
      "time_taken": 0.30156922340393066,
      "operations_per_second": 49739.82368190324
    },
    "cpu_multi_thread": {
      "threads_used": 2,
      "total_operations": 300105316.9487833,
      "time_taken": 0.2763707637786865,
      "operations_per_second": 1085879392.0369341
    },
    "memory": {
      "1KB": {
        "allocation_time": 0.0,
        "throughput_mb_s": Infinity
      },
      "1024KB": {
        "allocation_time": 0.00908350944519043,
        "throughput_mb_s": 5504.480432557285
      },
      "5120KB": {
        "allocation_time": 0.029812097549438477,
        "throughput_mb_s": 6708.685951008069
      },
      "20480KB": {
        "allocation_time": 0.028419017791748047,
        "throughput_mb_s": 7037.540898337221
      }
    },
    "disk_io": {
      "file_size_mb": 50,
      "write_time": 0.013225793838500977,
      "write_speed_mb_s": 3780.49141023561,
      "read_time": 0.02955484390258789,
      "read_speed_mb_s": 1691.770058566335
    },
    "gpu": {
      "matrix_size": 700,
      "cpu_time": 0.0029916763305664062,
      "operations": 685510000,
      "cpu_gflops": 229.13909268728085,
      "gpu_time": 0.020946979522705078,
      "gpu_gflops": 32.725959332559356,
      "speedup": 0.14282137084841448
    }
  },
  "scores": {
    "cpu_single_thread": 9.947964736380648,
    "cpu_multi_thread": 217.17587840738682,
    "memory": 55.04480432557285,
    "disk_write": 37.8049141023561,
    "disk_read": 22.5569341142178,
    "gpu": 3.2725959332559356,
    "total": 76.31293965269872,
    "weights": {
      "cpu_single": 0.15,
      "cpu_multi": 0.3,
      "memory": 0.1,
      "disk_write": 0.05,
      "disk_read": 0.05,
      "gpu": 0.35
    }
  }
}